{
    "accuracy": 0.7946987951807228,
    "precision": 0.7829010566762729,
    "recall": 0.8029556650246306,
    "auc": 0.8748568640208196
}